Date,High,Low,Close,Open,AAPL_High,AAPL_Low,AAPL_Close,AAPL_Open,KO_High,KO_Low,KO_Close,KO_Open,WMT_High,WMT_Low,WMT_Close,WMT_Open,DIS_High,DIS_Low,DIS_Close,DIS_Open,IBM_High,IBM_Low,IBM_Close,IBM_Open,NKE_High,NKE_Low,NKE_Close,NKE_Open,V_High,V_Low,V_Close,V_Open,Month,Weekday,Stock
2021-01-04,0.10308995930501075,0.09191227445174865,0.07604152493068117,0.13112329825047064,0.5316213991600289,0.41528064122067754,0.48358971283727303,0.5867517417686967,0.793725576649976,0.5192427929979795,0.5908839531530505,0.7956822004219024,0.8506141654952462,0.8166962693807491,0.8861936153810985,0.7880016374347374,0.44302062390462726,0.4073966652011576,0.37680020721809715,0.4903353072598069,0.19629065584412198,0.17728354998409657,0.16843000206115954,0.2304786587665708,0.7632837898418767,0.6573815820689521,0.6468795357285293,0.8098150919071285,0.5442498965136169,0.5265105407753516,0.5573275587187076,0.619306977343463,1,0,1
2021-01-05,0.04649690699269948,0.09718611436573843,0.08953625115338282,0.06509734795360611,0.4553273620587577,0.4821176666406979,0.5436815781552902,0.39693713810244624,0.525141029840416,0.519242375082956,0.5165426226464298,0.5384113477419872,0.8594608546310329,0.8262256866720481,0.8498140840972868,0.8917465848029202,0.38167930674860173,0.4495412081482302,0.3963477810395446,0.3180784513243431,0.21967308936118846,0.22628590415181238,0.23756150013944666,0.20317203085267455,0.688198709644853,0.6719607519033008,0.7042928191291322,0.5883646891894561,0.49794716817249896,0.5117688276930714,0.483426268247066,0.522131482477632,1,1,1
2021-01-06,0.1688902612321379,0.1754509136589153,0.18357179147066116,0.12460738003099969,0.4271750712631581,0.4000725379188399,0.3780544410988318,0.3489704308503008,0.4449673860729586,0.27551653416812005,0.3037734706450843,0.49067075396578375,0.9100744668556926,0.8498180885043505,0.8922577107301946,0.8236354955317564,0.4163031889115052,0.4805045726072281,0.4138373023971367,0.3783402448952682,0.3796591396740143,0.29214262598038143,0.33654550185075527,0.2646112182534468,0.79767365617605,0.7203852414291232,0.7611992899946234,0.7264448952568952,0.4387108367917394,0.4731961341047075,0.4404501578807425,0.46022580319544115,1,2,1
2021-01-07,0.2003472312337533,0.11114063038695399,0.1627213705984829,0.201387582345403,0.4508386698752975,0.4593048335807328,0.5403009206136504,0.37520816420353764,0.2097892103311345,0.1867686289988555,0.23199559977798678,0.24135681656346009,0.8933665180301142,0.8965514784117499,0.8917910756766121,0.9377538807713561,0.3710468284147881,0.4891055800900741,0.39994858793425525,0.41188181424271875,0.335971114101024,0.34020930455441967,0.327118751119277,0.36668526241426047,0.9163184752943199,0.9010675105517336,0.8933019265503885,0.8280510152946068,0.4141367694546467,0.4763897083719515,0.4675092548677142,0.4207635337139042,1,3,1
2021-01-08,0.12169559240553163,0.15707863834859426,0.16530068309374002,0.15714333136786518,0.4916380630150705,0.5541563141932722,0.5827404833596459,0.5420647742894618,0.32604229160651776,0.22915577059767678,0.37555134151218095,0.23339982062326037,0.8560200758533787,0.8861158809213929,0.8908585256852719,0.9043756526926341,0.3729554246272979,0.46100936394716285,0.4027778213842801,0.3922683325547789,0.30089699318407215,0.3002579306302482,0.31266386283126435,0.3188990572416097,0.9839526844403377,1.0,0.9644350151322527,0.9505002575612034,0.4374173112118367,0.48990269384681806,0.5048008918406275,0.4693511968703925,1,4,1
2021-01-11,0.10389205032488436,0.15432658363274587,0.1498238161425185,0.12118117503796588,0.39127105179770627,0.48491880902098483,0.46744005286349743,0.40923561136404185,0.2899637253137879,0.2437263647320833,0.2627576159324878,0.3116418564089223,0.9046687638905553,0.89473643070649,0.9216413167893931,0.8646818930548221,0.4067610398438184,0.48251166392157074,0.41306572895245,0.3621376526366511,0.31197313266844784,0.3214822840318057,0.31423507459292077,0.29874447486978895,1.0,0.9947923428416887,1.0,0.9739465935108118,0.40482465091538433,0.483269100703545,0.44658975156913705,0.4641721203106677,1,0,1
2021-01-12,0.12439983370462748,0.18248213061253482,0.16186132421681965,0.15561751188845863,0.3716878979382132,0.41928340663217156,0.4606804676066929,0.38094815430804196,0.22448799896900873,0.21855881301369529,0.25122204755462896,0.234726319801994,1.0,1.0,1.0,1.0,0.32660873486445396,0.4111238705189866,0.3333334641528394,0.3493463835420245,0.3172030320799837,0.3302212173322818,0.3340315630321036,0.33580275413898164,0.9856713437053504,0.9729235552410511,0.8983825272869819,1.0,0.35127923768159697,0.36017958966556396,0.35495270895893505,0.42421684616363287,1,1,1
2021-01-13,0.15978184791007655,0.19179693851505064,0.17862793008064282,0.14689952925546068,0.4434943977493644,0.4845187790421095,0.5391742269693784,0.3916066174196118,0.2231520108491738,0.2437265457432165,0.25763069665343963,0.22676933968077506,0.9577406022731658,0.9596185406851552,0.9291045971834109,0.988723829709488,0.31052336220771526,0.3790139092128024,0.33667681826030993,0.26691294121116904,0.3141264956689973,0.2840277619513678,0.2620718837828333,0.3377532671932215,0.8870873653576687,0.8713873786828366,0.7962566826156676,0.9129839502624479,0.3049763328787769,0.3886791117548736,0.36609444408240854,0.35195181015065824,1,2,1
2021-01-14,0.173528860606877,0.21148443909820847,0.20829159441059142,0.16978444205929044,0.4251346890227552,0.4953242108732052,0.46481129322980497,0.4752404649770803,0.19909958188210197,0.14703076566071527,0.13842832197493493,0.2506397466786554,0.9051605388784187,0.8965515948650484,0.9067169163488256,0.9467757511017432,0.32742658581340667,0.369265867417357,0.26748952135759296,0.34110282244160484,0.3267406752778643,0.31804872671232554,0.3264900064953822,0.30101989089035097,0.873903331651606,0.7932820833003325,0.7078490837024294,0.8520196352818807,0.3104086628155889,0.21915389287319353,0.19578083274468572,0.3805618532627104,1,3,1
2021-01-15,0.1365693739173457,0.20343997037336825,0.17325388016984666,0.1660792286527415,0.393311258263342,0.424886104784715,0.3983352150001327,0.3924268647607061,0.06547590905198408,0.055633223964270506,0.07049614104733504,0.11802615280188,0.8019652067709471,0.7890192928611777,0.7980406368560322,0.8258905207506126,0.21401320625443887,0.2766627513512212,0.21630665138694916,0.22569643691307562,0.29843570885732307,0.32179438300967567,0.3082647298178567,0.30947207581028024,0.7294660564764435,0.7386094619444146,0.6783798840646833,0.6904911470893325,0.10476259486630113,0.1872142986292289,0.18964123905629116,0.15784783319671725,1,4,1
2021-01-19,0.2537577325114331,0.25699910146305127,0.27213325725951387,0.23168262389943806,0.33170419649031935,0.42248492975947016,0.42424974542720406,0.35143007513534297,0.04676875463699304,0.017220325674413672,0.04614277399164557,0.0623287275744282,0.7611798434377901,0.7436474725193456,0.7397386195595699,0.8033377478877624,0.20092717507376712,0.3130734351315345,0.23739697963925277,0.20153524723092886,0.3092039813769203,0.3349031967719549,0.3280612182570386,0.3419793219101406,0.6629787757340537,0.6620669444668215,0.6047072748261142,0.7128973377293821,0.12830200458405994,0.17836986978872016,0.1912331146363,0.19509032737109422,1,1,1
2021-01-20,0.2871114118778739,0.3169093155596734,0.3192086449045064,0.26873468008089585,0.4859261301285738,0.4869198493569371,0.5819891620605233,0.3875071620707997,0.017370827809270573,0.026491962670509572,0.0679321809275999,0.035805361731462426,0.7901724711185194,0.7536295175004257,0.8386191635062588,0.7559764380146499,0.31461303294990905,0.35779814908383756,0.272890927928918,0.29022184227065306,0.3544305178864202,0.3495726586529173,0.3613701278464734,0.3556324859751383,0.7770382858099385,0.7453773700670343,0.7840619933092947,0.6811118326780079,0.20642189591298354,0.23143853354593347,0.29014685470406576,0.19459720280237747,1,2,1
2021-01-21,0.2724628741094346,0.29637464033334293,0.28675024315901876,0.2927090688049536,0.7788669188214135,0.6886300812316346,0.7637656707863449,0.5982311270193321,0.053449886212460385,0.046361206821677214,0.10253988702159766,0.06763293479559529,0.7936121634676532,0.8135212108342849,0.8078363724021376,0.8358145222929467,0.23609601387101886,0.3010321996417158,0.21219133137627377,0.2339399980134953,0.3907354173427122,0.3960785552663051,0.41070513748557813,0.36928576083546183,0.811427819755222,0.8036961996982424,0.7235992578705064,0.7868867747180737,0.20590430410273797,0.2933519937019051,0.27036410669051225,0.2690817046055196,1,3,1
2021-01-22,0.23122163408217622,0.27054777458059176,0.25902110453299976,0.23713155095930993,0.7862107821212856,0.7458613130168281,0.8463914089897928,0.6999027188017051,0.03340564666692636,0.05033489129174207,0.04357931435212148,0.07161123022536842,0.8727276487161468,0.8548091634709767,0.8768659551202216,0.8466401228576004,0.24291171577724402,0.3259747276230973,0.2507715734446876,0.25554302062364975,0.03568901355669629,0.0,0.0009424671377615823,0.06306441675974339,0.7008077904868664,0.7089293232132983,0.6087719113577075,0.7181072696461186,0.15830857408047994,0.22087414451519027,0.19941935571554126,0.21827460112061114,1,4,1
2021-01-25,0.18479706459869716,0.17401435085985728,0.15175850717639428,0.20443879145113453,1.0,0.8066940814873487,0.990985874237003,0.9782714958454921,0.020043416670021408,0.017219860230722972,0.08074947912522124,0.019891403002834984,0.8191646686687575,0.8162429180587658,0.8708018597711256,0.8358140162086558,0.18456932409985427,0.23652529971849123,0.2278806455157696,0.19556575699494694,0.0,0.0028093155958099914,0.0,0.0,0.5460521002040277,0.4709704998667217,0.5173156401178769,0.608685393040524,0.06285750653044175,0.07223226139729899,0.1757705245836405,0.12825136471861853,1,0,1
2021-01-26,0.07865151398993797,0.07663419370586011,0.04428098088934629,0.0847833577399073,0.9677688642246043,1.0,1.0,1.0,0.09487342916109576,0.0662303776687736,0.14611920137371825,0.08487284109112103,0.8958228156480068,0.8706889885920095,0.9319022471574332,0.8479925808168911,0.19111254768890618,0.24455279004503705,0.16795262240781206,0.22711778542018202,0.09383791492455718,0.03308452756544966,0.12286564073079953,0.013652964464731188,0.4698208838302502,0.4694077468204796,0.39283312495541,0.5445938343146404,0.1107127320257435,0.2004820144505377,0.19919179556804867,0.16327422262833036,1,1,1
2021-01-27,0.0,0.0,0.0,0.0,0.9677690547612912,0.961579529773231,0.9586871308982756,0.9930301788790032,0.08418263287454764,0.01589483905248823,0.04870573315095861,0.08221986908830026,0.8982809646863492,0.7835756293040301,0.7607278354650564,0.9079845605586838,0.0,0.0,0.0,0.0,0.1615245002850978,0.1329626101807544,0.12223741594536941,0.10792515651760537,0.18381162559180186,0.23821855510133716,0.18553354299778047,0.2559286707523363,0.012674904591161607,0.028254378442492012,0.03911072421626827,0.06165950042962631,1,2,1
2021-01-28,0.08067954418421364,0.0952632721408051,0.10489821379179087,0.056013576268970855,0.8735224034966205,0.81309832982428,0.7720284752502193,0.8327332640562561,0.10823521409244741,0.06622999651134176,0.12817448341683857,0.055697277762273956,0.8196565488147982,0.787205512621636,0.7565302803302885,0.7952195625272962,0.17829899482540856,0.1556764418313179,0.22762358518704584,0.03297337693234148,0.11260567645770081,0.08458418926078215,0.04713505325355216,0.13133058571996958,0.38499297439579117,0.30226437971848075,0.37352668621403584,0.2632235813717978,0.07216984993247433,0.13168887317755296,0.11301166620376435,0.1198658454841448,1,3,1
2021-01-29,0.035832659295280234,0.07853941014307608,0.046645529784107076,0.06277020029454405,0.659324157611775,0.5533562331170785,0.5793604024268317,0.6814542766562193,0.05745798736703467,0.0,0.0,0.10078592019029387,0.6963147275612691,0.6383848237924807,0.6044778242132471,0.7374828233324822,0.09460197573819862,0.15108917951174483,0.13220161378942308,0.1077318843125541,0.054149105787545615,0.048066301970798975,0.016654324835100986,0.047460814200561696,0.30818831357298127,0.33610900708950897,0.31611184339024856,0.3460712941629094,0.0993308246105844,0.0,0.0,0.06609918488814248,1,4,1
2021-02-01,0.05611516213249157,0.10373118462802688,0.06319687605759494,0.061898234395228346,0.6038369748797541,0.5821716360601341,0.661234819331157,0.5961810305331383,0.0,0.009272433173298289,0.04229758453235899,0.0,0.5852586287032366,0.5857532987204701,0.5475749919617074,0.63509289745258,0.14694651645831502,0.21530953958952637,0.20421814414216488,0.1657191732843728,0.04338079136667927,0.042760417019890085,0.06158994154156572,0.037058576410399446,0.36665163560813596,0.39598988599455964,0.4238274404680453,0.42006163188766354,0.0,0.05429716202296664,0.11619506887963471,0.0,2,0,1
2021-02-02,0.1266534911528998,0.13082825497721906,0.14208538266690773,0.07475745512845,0.6417804591615184,0.7294526246386477,0.6931587669335597,0.6773547762946661,0.0881915357048797,0.06887934807022855,0.1038211163611491,0.07028496055957145,0.6176906722217446,0.5970964480867575,0.6175378447869555,0.5832207054496097,0.36586682840646834,0.3520642899170783,0.3582820520870946,0.24900533797255875,0.04491934776019724,0.05992693281737971,0.027024062542805538,0.01950463889353804,0.5850281553233696,0.5756308653927924,0.6209658209524882,0.508120840251296,0.13295840841608175,0.1766499351897446,0.21283494989320761,0.1408302215070627,2,1,1
2021-02-03,0.09420132798541125,0.15792525696688076,0.13649656915561525,0.11377076271093989,0.6197479455610182,0.68942976163141,0.6537227595575796,0.6785835982313797,0.05344915461227462,0.07417694983189005,0.07946774930545875,0.09017680695505614,0.6127766772794336,0.6510889066400853,0.637593070469455,0.6238161350575178,0.32960724434565947,0.4369264555021113,0.3446500054944197,0.3408187262340503,0.007998971159867807,0.0237208625287586,0.016968307268199645,0.009101722637697485,0.5964919257590307,0.6412391511064053,0.572190182573368,0.6456809245836226,0.11122958119991377,0.2007273668010514,0.18441153747372052,0.19558384699308462,2,2,1
2021-02-04,0.19403688700084443,0.18417573670504206,0.23236661055919372,0.13360432454951177,0.6862516335346349,0.7286518329849798,0.7832954116929356,0.7007230800286433,0.05077706111300362,0.07152863220462535,0.11022976545995888,0.09150316057507002,0.6683044420500854,0.6796727999602599,0.6996267279629258,0.6747854303624043,0.4100328596370595,0.45785567578563313,0.44238669722610346,0.3575895109077756,0.047995759675731,0.047130077704994555,0.07667331453424175,0.03738365971495261,0.6532352218482842,0.6886224445566835,0.6738076552863861,0.6378648806941216,0.2708313733523653,0.2528136203136375,0.3638205850282157,0.19977669523362085,2,3,1
2021-02-05,0.23753172672993772,0.2864249701259891,0.2620304402190885,0.2563113968839641,0.6954465565572114,0.7876055243060671,0.7673100852343167,0.7521848589156184,0.14564999580469884,0.1536537950696193,0.19226197536536294,0.16311484803147014,0.7503690780803431,0.737295517607425,0.7849813363981468,0.7501130912636693,0.4356599653640538,0.5392776133636934,0.46630665138694916,0.47470177488563436,0.06983991702454517,0.09862942700533184,0.10086919590606414,0.07281679358444615,0.9123063693811648,0.8120273510511504,0.9014311996135751,0.7311336714868482,0.28247200886605395,0.3894163129880672,0.35290606156808835,0.36601011866095856,2,4,1
2021-02-08,0.2614200663791948,0.31013499513196363,0.2987877512333199,0.2617601789792894,0.6766502078624592,0.7499278207762661,0.7729516259792257,0.6979870167087237,0.1977632324191756,0.18279517350560592,0.2268686804989386,0.22411707368870015,0.7862413712002514,0.8248641531051621,0.8162314826716734,0.8110060067099694,0.6624863084845591,0.6530964895587941,0.693672783786754,0.5355317608716677,0.1366034393051594,0.15730759194321475,0.1580600044342222,0.12547893762233242,0.9300746201696786,0.8906535444202435,0.81505630882193,0.9296571961164188,0.2959225099120353,0.32185176188875,0.31015681438096543,0.366503255461998,2,0,1
2021-02-09,0.24474356365127914,0.29849172138370683,0.2706287547464159,0.27876048642243667,0.7142419400555928,0.7872042198535691,0.7390994984656443,0.7222112684737576,0.17771995804303398,0.20133947153174692,0.1986706244641736,0.20952947352428453,0.822604480021865,0.8303078190825959,0.8535442840626493,0.8006310621788826,0.6245910225258449,0.7316512788207676,0.6476338676001951,0.6583285514086183,0.144550095977368,0.16565933116832543,0.16188133699334273,0.15502639877725155,0.8349287537550438,0.8333763987601399,0.7327452748502852,0.8488937153461222,0.21780304310394083,0.26755423256723,0.301743361638378,0.2619285978269996,2,1,1
2021-02-10,0.26818108577478705,0.31204025792076795,0.3039467068837274,0.27832447767472734,0.6778763492309725,0.729085541222295,0.7157797077515831,0.7164634079324363,0.2525488744989026,0.18809259781923693,0.18585232530613105,0.28379275029899365,0.8019654176137161,0.7831208963689678,0.7742537709765243,0.8570139700225079,0.6641220103824645,0.7250573626522652,0.6841564496632708,0.7097781577293469,0.1698040123419169,0.17071971817952436,0.16633921175334,0.1922503898175929,0.7420754795175792,0.7917198635823626,0.7667874829779215,0.7889709665122018,0.22659832396619528,0.3225890036893242,0.29992462287916943,0.3164360868057612,2,2,1
2021-02-11,0.2776461745877121,0.315004071841376,0.30566630365721403,0.2744012522312107,0.6533597281271799,0.7038344450098402,0.7060004220776603,0.6926495802101806,0.25388529052741315,0.2238572259375351,0.27557491413010826,0.20422511967902413,0.7552830327354592,0.7908352608854221,0.7691236658504153,0.7807852087908129,0.6791166377756452,0.789851239886346,0.7170782248316359,0.6870378828196397,0.1323907723859845,0.15237521949685062,0.12398771205835502,0.1583203483381448,0.8423805190690032,0.8703466342049877,0.8216612457218195,0.8176301472187424,0.32873516879543807,0.3612027073697055,0.4033188236150984,0.30858984292075675,2,3,1
2021-02-12,0.3078450747007424,0.33659709558557394,0.33382546547406466,0.29052988890178,0.6182196597708352,0.7006278422293652,0.7150272332348102,0.6290100433014922,0.2886272616335104,0.30200860348237235,0.3255628775810395,0.3050113306900144,0.7385753945339708,0.789019821032543,0.7901121616400788,0.7816873522214962,0.7500001039993576,0.7465596626266731,0.6337447606787965,0.7956224894895243,0.10588953095522813,0.1352952883346381,0.12048478055928902,0.12537849471749762,0.790794518240368,0.8177551453509038,0.7495121929349553,0.823361402917345,0.3168179588243296,0.37325992564881094,0.3873770678613635,0.3587349878002657,2,4,1
2021-02-16,0.31798621667029847,0.34188941422935093,0.3566105773801187,0.306222359207343,0.6378330617457406,0.6645544717949337,0.6330311518683862,0.6758167702566888,0.2712569350816576,0.2715432760818457,0.27173022515103273,0.31164231184203217,0.8260444742484028,0.8461881488365863,0.845615808846695,0.8619757878145915,0.6025082149092649,0.6978212035110971,0.5997943517370219,0.6335987355766957,0.08219462179802761,0.11220650523368736,0.09723916390220921,0.09737790524419587,0.7862094351285833,0.7984898693776215,0.728681418030285,0.8369089721693426,0.31474517083182985,0.3651398238283896,0.3404620411901291,0.390847582877746,2,1,1
2021-02-17,0.32362029174997575,0.34591170969159313,0.311040188238064,0.33172270290468875,0.4829713875212436,0.531483079303344,0.5446393254138036,0.5017296601093753,0.2405226040994508,0.23577813841521422,0.253785006713942,0.2294210422888554,0.8805906472623946,0.8266790766582544,0.9174444817704481,0.8037892239514797,0.5804254072926849,0.6204130110963098,0.602109072071082,0.578453709884422,0.08094746646903017,0.1014524607821885,0.09405489338243056,0.0683888313678147,0.8544152028682532,0.7557919254023426,0.844524728748083,0.7290491026776706,0.24298123389166104,0.3087896914629331,0.33158022575500024,0.25745642082826325,2,2,1
2021-02-18,0.27111083577350925,0.2959513931269284,0.30953568572496604,0.2752730970607482,0.39226113485226133,0.4489150746781707,0.5021369123058701,0.4175605997713667,0.2886274168031928,0.25432310466900354,0.33581721661934605,0.25063987830789447,0.5464371680034219,0.5090740872669199,0.4724813138945274,0.5489399174330725,0.5468918543959074,0.639908219756375,0.5136316541341586,0.5622511176258058,0.09279505794586873,0.12296010827076209,0.11825571321967443,0.10890758880202034,0.9019885208582128,0.8078621148726839,0.900414455696982,0.8165869521950748,0.27976983289339596,0.306329155625523,0.37348474737164583,0.2727718774543506,2,3,1
2021-02-19,0.37319988777478086,0.36813983249123083,0.37875123315473846,0.3188635724118587,0.421272171748889,0.5046283786282473,0.5081544020047541,0.460261159045813,0.28595533449475585,0.24637577954207668,0.25122204755462896,0.33418661003445393,0.48353864656395107,0.5167879260185995,0.5041980952216356,0.49481351264141793,0.5027262391627474,0.6384746455983326,0.5303496020470639,0.5474703076089638,0.08718306198964232,0.08120990412214635,0.0628482105470547,0.11714296682306724,0.9082936751965729,0.8229622761443718,0.744431592198362,0.9442464835349975,0.27536569623069607,0.27680056705774714,0.26826832303504666,0.358240811251175,2,4,1
2021-02-22,0.4432875623131345,0.407938480749682,0.4698920114388483,0.36288958027510665,0.3808204843833227,0.37636726679112265,0.3625918105401791,0.3687016125713223,0.2926366107681968,0.2066375824302389,0.3178729991426774,0.2095295721816921,0.43046650455081803,0.4523590109245683,0.47388049893945006,0.4921065806412903,0.7546347313758996,0.6023509391288746,0.7389401265286262,0.47555449724296484,0.09871903875429222,0.08310797741328546,0.12239544683884951,0.04302370076501072,0.7340520082489856,0.5501164780363332,0.47260385855875775,0.7415551626412382,0.3043820535738524,0.26080620855263614,0.3500275825201751,0.21521620575149836,2,0,1
2021-02-23,0.48475407145071614,0.46954209387410817,0.4911726208318048,0.470993771606361,0.25783016420121374,0.08737835543210792,0.35732593044483085,0.19420496743942373,0.37681833808916565,0.305981647303871,0.30633642980439735,0.3620346706213864,0.38378370544003726,0.39836628547228514,0.37033576480441166,0.46368970196065007,0.8887676949707162,0.8067662775411817,0.8760286337734104,0.8123932741632496,0.10557788488434738,0.126123081231706,0.1176189110995649,0.12274315804084335,0.4113588585500185,0.30642991400712205,0.44516736704260484,0.45445197291882256,0.38884086746971036,0.3454542568111929,0.4363411813124687,0.3103187932157532,2,1,1
2021-02-24,0.5442499757789392,0.5231014546776893,0.5545845911497889,0.48690440784719957,0.2108404081076385,0.24129206783069623,0.33814301974654626,0.24265343972134001,0.29530929099759273,0.2675696694096761,0.3281268377007738,0.2811412450220496,0.3233420213739935,0.30716908990300595,0.264925930686692,0.4077583871577115,0.9340240554674342,0.9979933461510697,0.8868310544575442,0.9258101187695642,0.17229813487790002,0.14889592734938528,0.19722749352866087,0.11879003669037491,0.3614930477454852,0.4298347114652561,0.4207779884298599,0.4039086635781004,0.5603490652761929,0.4620914571733037,0.6030476332524968,0.4328414129152147,2,2,1
2021-02-25,0.5372635127260517,0.5137865079647819,0.49418195651789354,0.5614436324001657,0.2476147130590487,0.17355372342163822,0.17414912718722153,0.23197802189852545,0.2752648952124028,0.24769987269330063,0.2589119259929902,0.29174997320580687,0.21769010796232902,0.23593440056379755,0.20615655822082424,0.28281499287624,0.862050259977595,0.8560782538130578,0.718878432049733,0.9300737305562166,0.19911117750076324,0.2064606623470575,0.17366347581152652,0.20345097739896367,0.5460519749991102,0.4600353698226902,0.4151890157349696,0.5362581207808201,0.5582760387388905,0.49383433392842235,0.4736906666536571,0.6040260126400856,2,3,1
2021-02-26,0.48340226204885095,0.4591691430109015,0.4550602619388475,0.48472514175195647,0.1818296610787149,0.2000078618217147,0.18430522672835625,0.1461668529996114,0.20310768112420163,0.11391535026151978,0.1076663058204348,0.25594396873910874,0.10958108913051934,0.16243102326960113,0.11147284929308032,0.20974190764687162,0.6889312651605071,0.7147362411659328,0.6689812561812216,0.7123367585360061,0.13363772797453422,0.09702445865628695,0.06093754426749465,0.1665557679898333,0.42845198083152614,0.413231542279239,0.3904971090243432,0.4620741253257581,0.4225209805015844,0.4485577853791236,0.4427180927044496,0.4745877875352509,2,4,1
2021-03-01,0.5176573515398522,0.550833585143371,0.5292200014185311,0.5082635688920862,0.30768012777171716,0.2637378675898212,0.42991954000454413,0.1937943717487416,0.23384182510879015,0.1708738624963031,0.22430572133962556,0.1551579795149669,0.14692872648824018,0.22005434723188078,0.17910396708206555,0.21425341244265006,0.8331513344573587,0.8850345269577122,0.8217590775655017,0.8021601721406144,0.13582030658296462,0.12802091123066228,0.11857411427972897,0.10396606611686199,0.5605476478918323,0.524887559013453,0.5366150614549188,0.44849934212131526,0.4896213368309459,0.5482156826794107,0.5392802617534125,0.49731353020071634,3,0,1
2021-03-02,0.5271225783574227,0.549986987521752,0.5408274863020006,0.509571606148786,0.3399598311105434,0.3527191004415533,0.3294921575433696,0.38512509676463935,0.24987609765637941,0.21061081097380274,0.24993931677444525,0.20820274122866866,0.15577410634732924,0.16923765136431257,0.1203360348478455,0.2110961368864368,0.862050259977595,0.9452411418722209,0.7950102824131493,0.8837408921141394,0.12272575303370248,0.14067245110604532,0.10551837122132701,0.11681341621964858,0.5094321131142934,0.5306269015284899,0.5045408453866997,0.5487459374971291,0.49298890343864255,0.5489541013606374,0.5196944072824827,0.5464705851246361,3,1,1
2021-03-03,0.618619875156444,0.5906328432107717,0.612622676886923,0.5479312338597064,0.21696932608978425,0.22565972080810948,0.2143952699624858,0.23731546480311216,0.24987666489385774,0.211935740507732,0.23455905941751087,0.19228979180069938,0.017198171339919632,0.0576223293785203,0.0027980100319338064,0.12043283922344195,0.8306977816105015,0.9085439182464636,0.7518002072180971,0.8419557616662692,0.1454852972473235,0.13181640977311426,0.17016054431246053,0.1089075885029227,0.4606138412535321,0.4544494867503923,0.3640220019017164,0.5242057913408527,0.4738174073821293,0.5007240952593408,0.49874214647415993,0.5017594228746178,3,2,1
2021-03-04,0.6154642979166898,0.5895738249598472,0.6145567066010131,0.5947902628778272,0.13075351980249117,0.09659690722286474,0.14180166040277342,0.11167772230878636,0.3206973015874359,0.2000145087050731,0.2294321401384627,0.2705320882200404,0.0,0.0,0.0,0.046459382623511125,0.7126497746749916,0.6766054433821322,0.6430040344735568,0.7075040868649092,0.1638799854929709,0.09322877442499955,0.09851276814242738,0.15832005781624137,0.32966694454764234,0.24731245701454174,0.25099734859072953,0.36287209643802587,0.4694132154517048,0.3976208187398944,0.4224488608227501,0.5220153155484022,3,3,1
2021-03-05,0.7022294363345845,0.6346656783542661,0.7145115549926255,0.6494968621918731,0.0629251766337644,0.05451098762578166,0.1903227164272394,0.0800630883760185,0.30198948731933495,0.23710308164630067,0.33838017577866,0.23605168799679355,0.008353454433636998,0.021324675751375644,0.07416004790210451,0.0,0.6605781282694805,0.6542430864059812,0.6934157234580312,0.6861851604623084,0.18040429099812982,0.1403561135099456,0.18512695365042298,0.11351935616872488,0.24638725407051254,0.19565825846355445,0.31769231878820303,0.33885353581560285,0.4455783272741849,0.4212436921952465,0.5114956207739763,0.46668262054432486,3,4,1
2021-03-08,0.7811060714834341,0.7328925589732611,0.7777082657202739,0.7065999645655014,0.024516308431429934,0.0,0.0,0.07801017935355237,0.5077707319152971,0.4040028109111047,0.4473287118990674,0.4243638920984747,0.012775881130256295,0.06941893928061749,0.01632430560131315,0.11276502647714803,1.0,0.9538417118896536,1.0,0.9181351838189205,0.27705513200733467,0.22354009313211254,0.24817686152205098,0.19093289561553117,0.35838363644865723,0.3615774964196783,0.3792965519983813,0.34407588756730156,0.7054313564018253,0.5733150152262505,0.6221780189442958,0.546964597709378,3,0,1
2021-03-09,0.7274697256181559,0.6776398270917525,0.666576451625863,0.7349337812728765,0.06782862420986113,0.10341104597030615,0.17791063485784875,0.0,0.4262601175550218,0.35896640437468985,0.3473527849972049,0.45751730622707676,0.01474213056766871,0.09255933524144933,0.06343284253839432,0.08885910106590345,0.9640128942563653,0.9704702096990454,0.8096705703207174,1.0,0.2639605977491315,0.26402513049456333,0.2281155153847494,0.27032304678643637,0.49449934410278207,0.5222781917960404,0.45006395584337255,0.4417111271214793,0.676155529266838,0.6810935649823397,0.6242274542083122,0.6724508399644948,3,1,1
2021-03-10,0.7096659998288697,0.7057955554562856,0.7020440237274927,0.6721636242178763,0.07232351823992111,0.12986499666864582,0.1361604079622758,0.10921489249387406,0.39285406882009166,0.3457205184484504,0.42169361502361546,0.38590567937040454,0.17051695777299347,0.09936558999992506,0.21688484375827066,0.09156607318060761,0.8849509185431277,0.9793577570273344,0.823816737570839,0.9181351838189205,0.32039214377614655,0.2782582341312936,0.3456177227488335,0.2587932644559592,0.5059859439771879,0.556193007586689,0.5335601514355854,0.4934012424338601,0.6551706575917677,0.6616540023727788,0.6882227343390355,0.6393503648406593,3,2,1
2021-03-11,0.6990739520895275,0.6992327159223621,0.7235392313909985,0.6787019293689798,0.11481807390551779,0.20241263026111067,0.21063405059627183,0.1441137840302451,0.3661297410964126,0.3576424532763465,0.34991674511694004,0.4164073026842985,0.1921377288975714,0.23820307872963742,0.21455238860618397,0.29454224476333923,0.8917666204493528,1.0,0.867283873094614,0.9201251584758037,0.3328633333479529,0.3468928924796453,0.32237210609175326,0.358936726376446,0.7357196397146453,0.6845456285116533,0.7168453960564527,0.6333293555061328,0.7598368682981524,0.7701707968334537,0.7560893248503007,0.7334649780776896,3,3,1
2021-03-12,0.7626260097430553,0.760412969358887,0.740520600855318,0.7462671901383326,0.0314626257293904,0.11824122427003214,0.1756537879163549,0.056249544124619355,0.32227834804786415,0.332188113816402,0.33699234415421575,0.3635051259079658,0.24275165851363578,0.2631575669283368,0.30736883720377595,0.25665308138420606,0.8743184402093132,0.9936926236769406,0.8778292334500248,0.8959635350589901,0.3029328034584404,0.3415162332619177,0.33733851542971527,0.3292891690865458,0.6616299610681384,0.6866320043061496,0.6791689521962718,0.676142328946189,0.7160532063720382,0.7605742324661886,0.715323997907702,0.751991653334426,3,4,1
2021-03-15,0.7238638453860813,0.7182854714904239,0.7072029793778998,0.7231641939944242,0.1470979524750815,0.16874389189352268,0.2869888795221991,0.09771828120800574,0.38156164100754086,0.3682496748645585,0.4235834282994535,0.3514701692497919,0.2540547158297688,0.29673408584398775,0.2751868610547321,0.35678943756473114,0.8778623223222972,0.9830849623451643,0.8675409334233377,0.9530981016734783,0.3362929009011357,0.37093112143592233,0.3682267972050366,0.3483956840140223,0.896532743101627,0.7946363994107761,0.9077663563024672,0.7126915224471269,0.730302148351849,0.7192344120592411,0.6905000782346908,0.7260541654623145,3,0,1
2021-03-16,0.6864534396658479,0.6503309956385448,0.6278842842478092,0.7059459773356829,0.27866897863330387,0.3410953119614648,0.34641793299574797,0.27385731892721044,0.4354561430025008,0.44438011737023686,0.4481394898405018,0.44507242887235865,0.230958319913122,0.2967336395435485,0.2733210409562279,0.2701855245204374,0.824699930653229,0.927752587061085,0.8027264093185353,0.8837408921141394,0.329121890269374,0.36460488489802945,0.3573996016477845,0.36519571976802023,0.9625801149702315,0.9600329365876474,0.8930009578756914,0.983148803066304,0.6911820267358904,0.7330143838750125,0.7230669671529304,0.713209499427407,3,1,1
2021-03-17,0.6314652095093156,0.6308545594899706,0.6575477832478107,0.6516757425917397,0.22309838520900804,0.2457004806637233,0.3159510758944073,0.2061114598479694,0.44892963756065196,0.4590721644594167,0.4507244701290887,0.45175830113429516,0.17493833086144228,0.25862030485380405,0.2215483138307972,0.25575098801272755,0.8137949740022412,0.8962157054457878,0.8284465706974773,0.8081296623765963,0.35936413716962035,0.3693492152969604,0.3825561445036567,0.3711252005876222,0.9625798985690643,0.9266403139952093,0.9016565362638014,0.8432204957604741,0.7082809574105458,0.7197262678334724,0.6848065442534796,0.7463100040701844,3,2,1
2021-03-18,0.6467900744648509,0.6344540381169455,0.6124077479564805,0.6675868450923019,0.11359229472291865,0.16473574477379138,0.15684711447645672,0.15807337163061863,0.39099294455594347,0.3709208130185093,0.3641323850234306,0.42635198782939376,0.14353336825115726,0.19022080810412056,0.14098895666379008,0.22000976774714776,0.7835332408987048,0.8950691085986016,0.752314720334061,0.8510516113893516,0.4064424780145921,0.3788380416436663,0.41535483263930617,0.38693738327924176,0.9918708969992664,0.892725977736176,0.817650409290108,0.9043077954420724,0.6119050242458481,0.6660833814251106,0.6310598343794247,0.6568885274823044,3,3,1
2021-03-19,0.5665609732786749,0.5851286276474288,0.5722110780653287,0.5893417205550127,0.042086525788424645,0.13908363563453197,0.13653606861183754,0.03572057421073538,0.37617255817799045,0.32818050527565656,0.395150647045841,0.34612131351941056,0.1706738559177241,0.18885441994656116,0.22201710923184947,0.17335705630526466,0.7540893587441211,0.8383027216910657,0.7229937520604075,0.7364979482181528,0.3889829885834293,0.4022434149412515,0.3784164108844821,0.42251448075984044,0.7736248865190483,0.525408751568551,0.5284694144482893,0.6761426569819022,0.5510222130901763,0.3535748333941502,0.3176882537494281,0.5998269537185381,3,4,1
2021-03-22,0.545151506500996,0.5654406044122218,0.5558741647324439,0.5368154660599633,0.14178649524044928,0.16233126695672606,0.2644212750204984,0.053375757216024944,0.3761724462389271,0.3482149644295536,0.41970620810667825,0.3274008336080998,0.16820666079641278,0.23851717356099567,0.2515238550968544,0.2127631086197601,0.8176117504298297,0.9025230817688472,0.7672324610288692,0.8030128944979449,0.3977129200645,0.38200113444313644,0.43095804409737726,0.3724429343717679,0.5410202443439838,0.5525403377511147,0.5681809055648408,0.552400873394074,0.34687044159696345,0.33757990317048225,0.3427397335699309,0.28932234832011705,3,0,1
2021-03-23,0.5115725573364687,0.48753668783380366,0.47268674885438733,0.5248282064265042,0.15690464211597543,0.23768466548992162,0.2324500454944367,0.17654999497546786,0.4529717551123138,0.4163319226808371,0.470110070612753,0.4169916658383537,0.25949590025940505,0.2676766766514662,0.3250577622904869,0.24492256902629972,0.7088329982474031,0.7869840915702602,0.6610080689471127,0.755542803756315,0.42390189717207294,0.44241224506724564,0.4280921746376536,0.4363503775422508,0.6461233846901617,0.5796721830207829,0.5096315823739959,0.5973033277141795,0.28650605649290384,0.36883073475581174,0.3461555751713412,0.3510773007527881,3,1,1
2021-03-24,0.5237418395202118,0.5400371476567036,0.5229860704560179,0.5036867200000814,0.10215149262941559,0.15471541604443573,0.1402972879780524,0.15561008070711768,0.48530822791572437,0.4590719767940463,0.48691169176825166,0.44106046709710967,0.26590994252892663,0.3323736127521597,0.28618302967849374,0.36812223934838517,0.6586695320569707,0.6915138271880377,0.5578703631026203,0.7120522285937838,0.44104985273969133,0.46676655992362104,0.43318711143699185,0.45315082786706906,0.4899056407537685,0.3881879359737681,0.30801999648350087,0.4907913212833277,0.3170768786213678,0.3794116589798344,0.344334048538963,0.343666716684087,3,2,1
2021-03-25,0.5798569312046147,0.5220426031180945,0.6059585574036319,0.5032504807669826,0.0514842827821953,0.11182779532333686,0.15910367311353824,0.02093933897712663,0.5082139891929867,0.4617431415716533,0.5515326956214492,0.5119314639855066,0.2708448689558933,0.3241722726442191,0.32833572951873613,0.3151280347051486,0.5826064818223688,0.5874425553229692,0.6141975793158663,0.47868129046473307,0.4762809277272333,0.44146348287060455,0.5112036885658156,0.43272703934074475,0.0,0.0,0.07789591707923105,0.0,0.25697141345840535,0.326506640480277,0.3420563561591612,0.3169883131170055,3,3,1
2021-03-26,0.6125346346715856,0.6128606859443058,0.6371272202365179,0.6294450121170758,0.04412944744804115,0.10862125593805061,0.18242404043642413,0.05419636284507945,0.6496864889364931,0.5405448016253107,0.6833586826560083,0.5707667899492623,0.3039062525834577,0.3492313648320575,0.38079328679224833,0.34864622730489714,0.6172299479878411,0.6321677067406855,0.5887344782656481,0.6770893107392268,0.5772964944070602,0.5474205042466229,0.6166056159708933,0.5302350939595355,0.2182461631000736,0.22592081298365496,0.29936441809539094,0.23756381951422068,0.38340030167693673,0.3737523150183826,0.46868051008321476,0.33131585554695775,3,4,1
2021-03-29,0.5920272204909804,0.5971953219262742,0.6078935790974009,0.5910855579985346,0.08907612102742046,0.18116945249696048,0.18919458126090571,0.107572170046212,0.7615174308652124,0.6674295302709385,0.7880441283411432,0.6496604617484012,0.3932205920912972,0.4029938577552672,0.45292080778272403,0.39394013878137635,0.5343511958470151,0.6487957670846649,0.5612141096686081,0.5750428204551001,0.5956915696490959,0.6230138422375795,0.6000472013326577,0.6188490652893179,0.2595980159791065,0.27235706479663957,0.3248204421666472,0.30752736746927134,0.4245933878966186,0.4579083251792211,0.4909991772289315,0.4350645164998541,3,0,1
2021-03-30,0.6238028481231024,0.6458853389716106,0.6319685952460037,0.6111368943680038,0.0,0.10621644322163881,0.13315079819959674,0.044342498120721885,0.7413070324237614,0.696813131463137,0.6975753235229201,0.7860520914767317,0.42184093433429926,0.4426321304802219,0.40936316197097167,0.4541816898651989,0.5447111958636546,0.6605504627290406,0.578703631026201,0.5349631347218908,0.5707491165001213,0.575886046777053,0.5637450618594779,0.6148958938953815,0.22743516403883035,0.30157498241574743,0.2973270317042429,0.27672221960756627,0.3950585568683165,0.46504433296173886,0.4315585848895189,0.4488973679015986,3,1,1
2021-03-31,0.606012962249185,0.6282060630062536,0.5970413214095172,0.6222474518311638,0.12748492625243646,0.1980038047790611,0.21778082867913895,0.10757229536828916,0.6577702580297995,0.639381164192824,0.640708760055273,0.6897752353056079,0.38581956961110286,0.41939644640077756,0.41357872000132545,0.418852586583804,0.5605232582083577,0.6852064508649782,0.5527264093185353,0.5918136051288254,0.5221122761997621,0.5344525283709496,0.5172540884645511,0.5714124068027955,0.2751044936321998,0.3380983143719831,0.29427290139650264,0.3153589533556458,0.39402230708131025,0.46848918126873773,0.4276869260248315,0.4375345257187302,3,2,1
2021-04-01,0.6369803567158083,0.6464664130553457,0.6645243763299762,0.6082563450352079,0.15445275305094697,0.2517128456380746,0.24975176990078918,0.19009888376456985,0.6550760490397449,0.6340386021728772,0.6148604586100364,0.6804151082183578,0.38729902471025834,0.4362532073044427,0.40374193785328494,0.4365165838263758,0.6205017677810822,0.7187499863292057,0.6671810489631254,0.6088684860101052,0.4977929832947958,0.5205356921162867,0.5162983654459219,0.5457177438278604,0.30439661157381526,0.35323027641066584,0.27594500070368966,0.3988987641948958,0.4880670875219657,0.48694466347154997,0.544518326955493,0.4679181748574326,4,3,1
2021-04-05,0.7014016995831867,0.7186595627903594,0.6966489769134916,0.7081601076231157,0.2353571691431533,0.2749607188867751,0.3588305911739642,0.19872148727805072,0.6645074439529282,0.6113331514811211,0.6536331610179973,0.5988472603006416,0.5486587362656881,0.4758919230609049,0.5821895193622941,0.4718465531319893,0.6905669670584116,0.7904243195772329,0.6550925417183411,0.7521319143269931,0.5838434388678633,0.5562763454353217,0.6022754889145747,0.541764626400699,0.3612548107952378,0.3996665390987202,0.4078074860889709,0.3158820421371251,0.559830877569846,0.6102256793878187,0.5941658178173679,0.5869823475759421,4,0,1
2021-04-06,0.6799276226561073,0.6925424047546431,0.6985889585056553,0.6878291284575986,0.2749914915746112,0.3783714014615063,0.37049048653099437,0.3067040409793691,0.7224442667376563,0.6928066096699137,0.7027447836198837,0.6911129667379035,0.5876412625105631,0.581595004895636,0.6135707267156851,0.5801000837627672,0.6799344887245979,0.7841169432541735,0.6867282303260547,0.6677089310739222,0.5511072715287573,0.5781003016650255,0.5478234493413523,0.6056717965707437,0.4778450493647126,0.49514743837265307,0.511668968765143,0.43805756032914633,0.5310731602582086,0.561749586844221,0.5852836538980917,0.5627737703593523,4,1,1
2021-04-07,0.7212932841591706,0.7209952120284555,0.7197184563275161,0.7193089208377019,0.30727141197506214,0.35792972721639504,0.43405699662914543,0.279195261700969,0.7022335807314599,0.7221899207509761,0.7143764441982086,0.7232048071163142,0.5777725795578954,0.6330792190069721,0.5995198267689377,0.6340006591687288,0.6540349046804286,0.7577408411147495,0.6309155272287725,0.7046618235853632,0.5292826322645099,0.5682953164679585,0.5704320039590898,0.5483528409252187,0.5082840175519898,0.5697586363045835,0.4801023449436288,0.5189855535183101,0.5735615879383067,0.6429527720522161,0.5994038830194484,0.599826893178605,4,2,1
2021-04-08,0.6941686033686247,0.6989124615925295,0.7177778134155663,0.7057554140327791,0.40819654698747243,0.493405598419975,0.5265851264906782,0.40729591104619,0.6860651382770548,0.7021555999355638,0.6936976028499346,0.7084955358284697,0.5960296191710537,0.6335348508236178,0.5953042687385839,0.6407941058847522,0.5918757365754512,0.7198970206418052,0.6247429396712771,0.630756038562482,0.5507951636908079,0.5803143382195843,0.5764826637770581,0.5724005629568554,0.4548710354801999,0.4158407285065442,0.3344935441829424,0.5341269510721833,0.619677112772778,0.6299108486628286,0.6319704234535406,0.62082352211889,4,3,1
2021-04-09,0.7231013708737559,0.7415912444439394,0.7337321532522632,0.7365787960704786,0.5164767514410986,0.5314831375822475,0.625884085481105,0.4421956120823456,0.6725910057864359,0.6807854114939476,0.7014520432354843,0.7084953138636552,0.5452038256461229,0.5902513625782637,0.5985822359668331,0.6036528964552526,0.5965103639519924,0.7348049669822974,0.6394032275788453,0.6583285514086183,0.5542250015297561,0.5977106784703228,0.595907467713483,0.5822833251955393,0.35091646992034864,0.42053580790383815,0.4246079317721163,0.3597390837958274,0.613977479515337,0.664360528889234,0.6734194762910555,0.6462666462131335,4,4,1
2021-04-12,0.7079571482248519,0.7356463291694744,0.7292050886573573,0.7158112509645309,0.508713516876588,0.5779777775585542,0.5596847794874868,0.5538734134273584,0.708970622964161,0.7195189498460879,0.7234236249681567,0.7298914318424181,0.5595150714984154,0.6189552673664949,0.5995198267689377,0.6235831543042867,0.5864232582499573,0.715596298167676,0.6033951586317325,0.6463900046713222,0.5426891222197088,0.570509377846613,0.5596055881595352,0.5872244577997163,0.4313228400152873,0.4581026054661139,0.4851938616425171,0.4020307524683906,0.596101467055929,0.6572249101424967,0.649506842660454,0.6274934760351609,4,0,1
2021-04-13,0.6815099895804773,0.6810761948517929,0.695139514501999,0.7002898111872815,0.5826718591707758,0.6300843304844372,0.6796713099053324,0.5505895824882403,0.6739392557675954,0.6807860030692447,0.6898208831373704,0.6911129998720602,0.5407635104739352,0.5975412015313699,0.5793796274192742,0.6113533802448803,0.5479825996594645,0.6903672303408506,0.5776749972527906,0.584991392535513,0.4881285304317111,0.46075725478537866,0.4510196501539112,0.5206821420351861,0.37905916090195735,0.4153180140271946,0.32736542080449826,0.4464110039092253,0.5885881115029621,0.6818319454614983,0.6392586208879312,0.6462669418227325,4,1,1
2021-04-14,0.7301086333465205,0.7205702838779007,0.7259705735841431,0.6841130055712252,0.5965635933273035,0.6192620523271497,0.5893991620720556,0.6532341270718396,0.660465300875714,0.6594159887587772,0.6885286432331821,0.6830897197744736,0.5141168060843819,0.5770381267995175,0.5770378107614835,0.5805523278835683,0.6559430848955081,0.7221906518015917,0.6283437465659887,0.5957931207079241,0.4619388796961803,0.46518499630387833,0.49719248240801717,0.46500975078302353,0.27510446895050045,0.33288119795679183,0.26219790561669143,0.338854094096086,0.6269310768002425,0.6781405905179776,0.6611211222862234,0.6462664806323142,4,2,1
2021-04-15,0.7264919979172251,0.7163237739206334,0.7499024139990818,0.7212762038779665,0.5965638460429439,0.6986238426219842,0.6823041058008004,0.6072495163361005,0.7237915745319672,0.7221901695974875,0.7208391451597809,0.7031477347179083,0.5639555486933592,0.6125763053423823,0.6163806186587051,0.5932349586679653,0.6150488734581581,0.7219036744907354,0.5889915385943709,0.6560544805441806,0.4959227371341286,0.518954394553572,0.49560021718851077,0.5299055982928138,0.268787669555425,0.37775156350676653,0.33398439251305323,0.31066006805281265,0.7442925537871625,0.7714011985878608,0.7590500461567258,0.7176556656029467,4,3,1
2021-04-16,0.7685352877749851,0.7840578068196802,0.7813802438319115,0.7693698940317004,0.5830795285524317,0.6841941522853441,0.66951549866861,0.626956955211587,0.74265468453466,0.7569168373363908,0.7660735475688929,0.7847156545047307,0.5881350493780193,0.6358131561093181,0.6374569685788263,0.6607238170470477,0.6305888734831173,0.7362385411403407,0.6231994003233865,0.6412736705273385,0.5030936663408982,0.5420433369909752,0.5277621032040503,0.5206819152389803,0.3089911084373078,0.43253656644591487,0.36656853996275274,0.3999429833700683,0.7486967650388623,0.8181542946278295,0.7620107674631509,0.7986782999836386,4,4,1
2021-04-19,0.74728772611626,0.7651604342629588,0.7501180042493103,0.758002458815529,0.6157686120149588,0.6865994783776905,0.6950927129329898,0.5945212487779807,0.8181065161071404,0.7462310916805839,0.8074302293050186,0.8194814735426457,0.5688903261890834,0.6312566372770405,0.5953042687385839,0.6335468459723232,0.6540349046804286,0.7204701003326921,0.6275717806627839,0.6395677920780098,0.494363538918567,0.5303404362622546,0.5127956938660883,0.540446717064925,0.2865912018119934,0.3500979417065029,0.27798082767165244,0.37853504015910566,0.7429970049902099,0.8014216618350058,0.7478905383417942,0.7636013855273367,4,0,1
2021-04-20,0.70185375742285,0.6953027411455497,0.6759513209118739,0.714718269776971,0.6182206071930727,0.6252750011656074,0.6300224070189442,0.6565198383185518,0.8490955222541521,0.8143480092453785,0.829400810077269,0.7980864831500254,0.6281047640223143,0.5952636113065317,0.64588736452371,0.5941412382093914,0.5926935875244039,0.6106654067662776,0.5082302475628326,0.6333142056344734,0.6798707174075127,0.6606518453626284,0.6732867228837311,0.654755561909643,0.029290368969230762,0.013565182720654434,0.0,0.11068859725724245,0.6860004032676308,0.7212029560829434,0.6907276383821834,0.7396403012489037,4,1,1
2021-04-21,0.6991413562048852,0.663665364367791,0.7207960769187656,0.6445452503906881,0.5454880619478795,0.604832740225584,0.644690758921004,0.5473042938386614,0.8693062114853651,0.8717799763157483,0.8862673735449169,0.851573774269502,0.6246496553161345,0.6731728431677775,0.6650899730712689,0.6552883453262259,0.46455847488685986,0.5258028037158313,0.5164608875841825,0.4627627944136705,0.8033350033934714,0.692597202035417,0.844922828680216,0.6873682838582456,0.053987393838940356,0.10069919808997874,0.1420451289272613,0.028194076182306738,0.7505098924006521,0.747039945805561,0.7856954924621142,0.7033282328372126,4,2,1
2021-04-22,0.7339510967398577,0.7241797414379514,0.7203648964183085,0.7225878824504668,0.561832297389488,0.6092420143418913,0.5860144682686403,0.5752237713872264,0.8868217260799014,0.8824649065152546,0.8642962922924546,0.8823289426686065,0.612313775467455,0.622599960088321,0.5934305273660216,0.6693298776896617,0.5054526863242099,0.5946099886477727,0.5074586741181459,0.5460489591018565,0.8348235120210572,0.796655944970027,0.7726377305516086,0.8731600610528671,0.056284690713121144,0.13252673644927704,0.10538854783004314,0.14828176308043695,0.8297869565571121,0.8459601588316907,0.7884286536210467,0.8018895374507675,4,3,1
2021-04-23,0.6448915971215889,0.6139792848129697,0.6593498796645982,0.5907677741000534,0.6014664333652231,0.6393026758228837,0.6755335649763188,0.5390924625732278,0.8490954396085906,0.8624299740111221,0.8681735124852299,0.8729683915865891,0.5575405085036298,0.6048310132887771,0.6042027399686969,0.5796472876273633,0.47873483533365757,0.6146791519295505,0.5141461672501224,0.49289390806646693,0.7995927815645625,0.7950744392024633,0.8092577512463781,0.7944288392098189,0.07236514054723298,0.15757056501477074,0.15680974764244482,0.09815735699294059,0.8528452398954043,0.8661382410932061,0.8437696784641329,0.834249324502915,4,4,1
2021-04-26,0.7836797079158959,0.7175974304221224,0.7889259025899102,0.7057549972365633,0.5990153312887267,0.6954171901239823,0.690579019050003,0.6487179190127979,0.838316499268001,0.7836288129495914,0.763488066800095,0.8823287611079751,0.5407637254803745,0.5415009557579751,0.5109988690581,0.6163359825212948,0.5250819410939318,0.6519494552461946,0.5462963689737999,0.5386585540934359,0.8002173585226662,0.8118385446620016,0.7818726608893551,0.8309950696316317,0.13267018794115515,0.20244172733815002,0.22859623453880662,0.1796084869210821,0.8821203408189087,0.9106766744192747,0.8515126477093622,0.8876056705440689,4,0,1
2021-04-27,0.778255203012002,0.7874552308185168,0.7893574137502601,0.7910117969087418,0.6133165177367843,0.7174619956277031,0.6781663608717867,0.6561078288640783,0.7291808000602922,0.7489024263002415,0.7531491466061686,0.7606459753209416,0.48895102770304355,0.5374005739942298,0.5330120896645019,0.5298236103835112,0.5308068977365998,0.6774655003838754,0.555812703097283,0.5679365116542332,0.7668570348622086,0.7887490686154353,0.7958838670471544,0.8069475952406115,0.19527239344596659,0.3114889954382427,0.25456141027995116,0.2584482645804176,0.8357463352303496,0.8976353105688144,0.8417202432001165,0.894028375842038,4,1,1
2021-04-28,0.8365735560410537,0.7999828286860651,0.8363584029193301,0.7905745461584792,0.5973813127692846,0.6761782805383421,0.6477000803792707,0.6273676629924045,0.7763382417584967,0.7649298207336317,0.754441386510357,0.8168071329386732,0.4711867804794876,0.5519799634186597,0.5100619983718184,0.5456769790852469,0.5029987174799215,0.6393351400654881,0.5236625013736047,0.5622511176258058,0.7930459383303856,0.8314480067956698,0.8274089509425839,0.847465799936157,0.16885395675894443,0.2561831673264212,0.18328485476507073,0.27202336625094414,0.9681338581870333,0.9389748120249743,0.922340308011198,0.8920521151269654,4,2,1
2021-04-29,0.8731919658493625,0.8562509045192641,0.8814194104962363,0.859873329726895,0.6811452385464598,0.6509263705110371,0.6439382844042303,0.7160530253045652,0.8181067482882458,0.7635945766902541,0.8410329711358049,0.7579717657638456,0.5407634248103896,0.5533464204137628,0.5915575061092833,0.5252936420765053,0.5237187175132005,0.6373280487511455,0.5735596772421161,0.5625356475680281,0.9595348176701726,0.8592811999607708,0.8668943212586124,0.8873253964092083,0.2716583735261562,0.30209670121973176,0.3131099537592039,0.24643951560144206,1.0,1.0,1.0,0.9977767855134152,4,3,1
2021-04-30,0.8496833654166309,0.8645316072643539,0.8538222051675199,0.854407891253945,0.5377247266326313,0.5956143797989517,0.567960269345515,0.5234907861582654,0.805980680029152,0.7983207750796097,0.8048457494966419,0.8529112737960869,0.5402700885096525,0.6084759894422902,0.6046715353697492,0.6072768353306106,0.5447111958636546,0.6599769455727404,0.5913066513869492,0.548038500024072,0.8064521173892731,0.7824228266759103,0.7917438735087461,0.8731603457566584,0.25787547729675353,0.3448816303024076,0.2805265860210966,0.28142180237518755,0.9593246939364866,0.9788377274752857,0.924845212054346,1.0,4,4,1
2021-05-03,0.8951180406954791,0.8970188969650739,0.885084775410014,0.8760502166533826,0.5585637006966522,0.6260759528984368,0.6085817844659278,0.5341653762151202,0.8773904466081603,0.8610951332481349,0.8694662528696284,0.8555855335458471,0.6759691881407219,0.6344453350972934,0.7081795435977929,0.6059170287628426,0.623773171576893,0.7090023819991726,0.5781891179102372,0.6446845599566613,0.8663135038547378,0.8773096969564076,0.8831345947560254,0.8767839781249522,0.29061220210429806,0.37305639873205454,0.3014010247749459,0.3299786513087577,0.9544026175105893,0.9566916164003052,0.903209922319399,0.9686283297485749,5,0,1
2021-05-04,0.8881105787055481,0.872175761389951,0.879263177334058,0.8736452533096948,0.4531433232564668,0.42045661354407393,0.4321758103372124,0.4992662160554753,0.8531372912928514,0.8317106146586806,0.8255235898844946,0.8957000602473579,0.6409344955152756,0.6535824777815735,0.6426093972954616,0.6901652302493453,0.5258997920428845,0.6247132961050266,0.545781855857836,0.5645251884902427,0.8925029002812397,0.9019805079043763,0.9149783396307432,0.8965497801488045,0.18378571130562715,0.26296496683659676,0.22605047618936247,0.2704565648575663,0.8676122604612475,0.9281474989927077,0.8900009792404511,0.9081084851596577,5,1,1
2021-05-05,0.9104881964341343,0.9036011255893288,0.919364947835922,0.8821708204523482,0.4106483871305002,0.47136085205010136,0.44157972366598663,0.4175607411601483,0.8019383396848392,0.8009916683209939,0.8074302293050186,0.8382018441043328,0.5999767039615129,0.660415388363611,0.636988173177774,0.6525705027672615,0.508996568437194,0.5974771369638585,0.4753084723944685,0.5685047040693414,0.8722375729359668,0.9222234179364408,0.8981012640132211,0.9469508597244225,0.2774023026230763,0.34644661200666693,0.25965292697883946,0.2949963636706112,0.9054373354825813,0.8895146231435342,0.8257781389622352,0.9636879618740251,5,2,1
2021-05-06,0.9281196160996266,0.8972314037174547,0.9299298620767988,0.9256740624943522,0.3820460832242727,0.43769202435841237,0.503265335776617,0.36377467625831184,0.8517905656952607,0.8464029634640102,0.8772206932551789,0.8355274806658723,0.6352662490129477,0.6489178563949434,0.6840088559843966,0.6453145464071675,0.45392599655304533,0.5530389628569985,0.4825100861838907,0.5051165510113167,0.9523640235969393,0.9288648965013966,1.0000000000000004,0.9245497065797261,0.25557727137087394,0.3391419223496497,0.3248204421666472,0.28977553763249375,0.8466273146419585,0.8895148268109789,0.8738316633392245,0.8594455362445261,5,3,1
2021-05-07,0.9676760686904995,0.9252586732979089,0.9752054679242543,0.8983477118495689,0.45285503046696185,0.540698861397594,0.52926232126568,0.49443214792224666,0.8733481521924737,0.8610947620725815,0.8733429725821926,0.8783168936613208,0.6531009180307628,0.6429726042106028,0.6440417076682614,0.7194350110773744,0.5119954939158298,0.6017774219725753,0.560956656881368,0.4829449022513863,0.9293813852577268,0.9606617525855761,0.9574969673923523,1.0,0.5726093229828102,0.4841908388013083,0.5447614881731395,0.41508408342840575,0.8891157986797849,0.9399593355297275,0.8920507629886147,0.9263879690043311,5,4,1
2021-05-10,1.0,0.9923559028515312,0.9687374297575055,0.9888510483437578,0.38245591770127696,0.43349947814441236,0.4026672771032098,0.43520837982055394,0.9717052539844433,0.9505817402645045,0.9250395754726659,0.9371528111307228,0.6709349884321503,0.6882551556765879,0.6731948766639633,0.6657774152604503,0.5624318544208675,0.6740252723769027,0.5470679424184866,0.5881181857572813,0.9999999999999996,1.0,0.9803584234235054,0.9960026828352708,0.546189656717412,0.566628570736091,0.4729750012767777,0.5717195674254887,0.8575083685194658,0.8033903208850335,0.7519901058381206,0.9081085184902671,5,0,1
2021-05-11,0.9344487091583704,0.8893748848206116,0.8771072748317725,0.9169299235026256,0.248615000763043,0.27129423390713736,0.36725080984709546,0.19214253914040746,0.9232004418168893,0.8464029232711967,0.8487874115213545,0.9572103592481032,0.6109922826718268,0.5972320598588965,0.6134785518902861,0.6848755550031189,0.4337513691515449,0.5134745909151555,0.479423792405143,0.47725994195762667,0.8994321294554752,0.9072516792251486,0.9175702542192039,0.9690221597868405,0.5163246667041914,0.49932112699684517,0.5096315823739959,0.5915599947914796,0.7129441237938963,0.7266161911871123,0.7408305980231891,0.7139503922490995,5,1,1
2021-05-12,0.891727022586633,0.8558264515212151,0.8311842369138454,0.8788920081374236,0.18189945803934382,0.2504166154954186,0.24894451754563018,0.18802994354287872,0.8450540199629124,0.8236977429368597,0.8126001898821924,0.8676200590092833,0.5173631860187422,0.48699719629499594,0.4437342902232402,0.5939308291622725,0.4394767417916432,0.4891055800900741,0.38117298001601263,0.44599200973994524,0.8666444274708227,0.8509625969250916,0.8235486304985593,0.9307154892285006,0.42672885984866227,0.41218763223737387,0.3197289254677589,0.4370124954214525,0.6761558202303064,0.6840465534382165,0.6303768054528014,0.7112334972828496,5,2,1
2021-05-13,0.8670888114194781,0.8503056325597345,0.869561285413881,0.8283938857362285,0.24370373333885276,0.3311177133967762,0.3318343425909802,0.23656079759331838,0.8746952860514803,0.8170194251570209,0.8733429725821926,0.8154700091073392,0.5173636821271534,0.48013616246098234,0.5518820047016364,0.4738846547994431,0.39285715771419394,0.4380734898147116,0.3937756079182435,0.37976115966770685,0.890289061124506,0.8554401698437193,0.9159603144918749,0.8511042892895109,0.32392271074847123,0.36783854195353527,0.3309294824937199,0.34720788157890237,0.6820278458507483,0.7062134271336795,0.708605223568262,0.6668124357162313,5,3,1
2021-05-14,0.9378394387167188,0.9080601877452894,0.9357507988329692,0.8935387452534993,0.31492149852479834,0.39495546873217346,0.42527322609177975,0.30524398579385803,0.9178108068633088,0.9318827278363022,0.9017762543160162,0.9398273787910947,0.5797830347852155,0.6022626912835625,0.6120678449921888,0.5912027539327624,0.23364246102416075,0.23681183956393426,0.2744340748182923,0.2251278107632988,0.9151951914573639,0.9411528779269949,0.9323820116137118,0.9730191300369437,0.41868728345589545,0.4492326660003183,0.44904565250359507,0.3806235490557155,0.7497449726297836,0.8055237680105947,0.7815882583145708,0.7734333713984363,5,4,1
2021-05-17,0.9251811062433024,0.9367250646821006,0.9294983509164485,0.9298274290507975,0.2756286665825636,0.3676534858852687,0.3808140909358251,0.3286866969847324,0.9070327986522955,0.9065066431607258,0.8901450942179023,0.9318047424127238,0.5877084185141088,0.6178146991112907,0.5824444403637887,0.6453145369885167,0.18129792030404435,0.23079144055173106,0.18132721621324688,0.21859012811220868,0.91866240213391,0.9529861752004143,0.9462273893010491,0.9507012902919341,0.4410880191617581,0.5248881500612477,0.4734849326582591,0.48452622605021833,0.7406641559302001,0.8153808560578337,0.7701844631131278,0.7823384302415901,5,0,1
2021-05-18,0.9459767040039817,0.9150670365968847,0.8891809901643564,0.9366041755425099,0.27808458948620096,0.3519953246606784,0.3273128644888539,0.3179936005644173,0.8450539270713131,0.853081040958541,0.8513723918099414,0.8716313294535007,0.7947825469857035,0.7294218842280262,0.7244469600490548,0.8049222233000668,0.1341329635948174,0.2560205083785565,0.17103891618655975,0.14923248481820206,0.9029000004171546,0.9178059215518175,0.9075888358451496,0.9620266656115124,0.4640602710941648,0.5222785960214118,0.4302086001408938,0.49026894608186655,0.7930732801003133,0.818091337453196,0.7503424727947143,0.8370095412850356,5,1,1
2021-05-19,0.8664107951840725,0.8483947866200712,0.8835753129985213,0.8209614000838847,0.19335968832640216,0.27490789684027206,0.321284707526706,0.17815925249996933,0.7938537832640353,0.7876354217668178,0.829400810077269,0.8355272231900752,0.752178471281546,0.6969454644073467,0.7249164755659301,0.6776001554880073,0.08342412477260552,0.18864689760465758,0.16049394828966612,0.07674848203709494,0.836694685695154,0.8439263076677479,0.8844050799654517,0.8800841273912807,0.2630438195208882,0.340185616530424,0.29783696308572427,0.33572135962773597,0.6807308385857196,0.7283916685691318,0.727991048139252,0.6977347725556031,5,2,1
2021-05-20,0.8996383584620449,0.8953198194841852,0.9008231943365894,0.895287345699924,0.3079637517419256,0.3648434062060879,0.4199986968640559,0.26329399627618777,0.8773902417956014,0.8557523129900355,0.8914373341220907,0.8355275006900218,0.7100700843505461,0.7060935060868543,0.7484268169692418,0.713522997870629,0.1515811438348562,0.24254569873069354,0.21424899138161102,0.11938633484229566,0.8906046519312327,0.8835844790606373,0.9066224561379799,0.9067320931937397,0.2768283813869479,0.3521860583751373,0.3136198851406853,0.3513853193216754,0.7520800969441126,0.813409392916733,0.7701844631131278,0.7640326121180445,5,3,1
2021-05-21,0.9575043866770114,0.9467045019879832,0.9297136105067842,0.9221758252809846,0.31942401615626714,0.3692598413513073,0.3491657623518263,0.369814872073186,0.9205055677854395,0.8691087116369349,0.8875596134491044,0.9264553007846477,0.720473626243237,0.7472603080381583,0.7169231899258683,0.7599048598653333,0.1848418024170284,0.31536706629132105,0.24099778653396342,0.20494613666025163,0.9155100699831,0.951387490224338,0.9343137313511201,0.945372099975156,0.27453124605260104,0.363665393508521,0.2825639724122446,0.3539966898277589,0.7964463046079855,0.845691469378596,0.7777110237035432,0.7996554426339921,5,4,1
2021-05-24,0.9597651976749972,0.9594445165415726,0.9678753994164846,0.9440367861122985,0.3169683133617669,0.3985692931202811,0.4120864705658498,0.2953735854248718,0.894905754833756,0.9051704738263515,0.9108229346057541,0.9037234125491986,0.6877779774281354,0.7362826371582072,0.7173934255585674,0.7253458116014198,0.23909493934965464,0.3219609824598244,0.2901233889577872,0.21148381931134175,0.9057367179869007,0.9481888133458307,0.9336696514924951,0.9713537418757845,0.28486932965778333,0.38453505180778436,0.35384052792712506,0.31588196045594064,0.8172023293336501,0.8723054741211671,0.8358691943848058,0.8261246345535076,5,0,1
2021-05-25,0.9862116065526569,0.9762187859467213,0.9542922216724081,0.9739859770103063,0.33252177121598425,0.4138259805454467,0.4045510581348548,0.3698147503845348,0.8800851889915915,0.8864717740336419,0.9095311951817768,0.9291300286580615,0.6986761448080081,0.7230177801280124,0.7446649319076482,0.7271646465609969,0.3028898093525374,0.42660533401577894,0.3379629048209605,0.30102357044306416,0.8934414736726501,0.916845958725129,0.903724356693401,0.9666899938729863,0.33196350765760396,0.43879771648360855,0.3670776916326419,0.4119509988595045,0.8192780840508975,0.8917731492920522,0.8290270566575986,0.8743635886773964,5,1,1
2021-05-26,0.9703891078713216,0.9683624591002395,0.9665818579151133,0.954092867944281,0.2944568215552499,0.4178410965216015,0.4026672771032098,0.33444499586708965,0.9110745404221898,0.9185271120991807,0.9405489567239771,0.9505249417407846,0.7105659048307968,0.7545781871021306,0.7366716462675864,0.7539931926746846,0.31515798958425645,0.4495412081482302,0.3456790317263465,0.3300169980616392,0.8616007160403876,0.911729429019033,0.8905230588646886,0.9193904085867626,0.48990488866016424,0.49879954956186623,0.4979218736781448,0.42552586112399826,0.797484239589676,0.8415021631388537,0.7845531614307504,0.8285986739316762,5,2,1
2021-05-27,0.9909584174772053,0.9997878706382406,0.9915916495811943,0.993879121251994,0.3046892100009764,0.36404047607235857,0.3435141309524772,0.31305856653317043,0.9811369828875023,0.9439034556792452,1.0,0.981279571304678,0.7501970521222701,0.7513771869205534,0.7141024962454967,0.7976472932440011,0.36123220102992715,0.4664562458030659,0.4117796423917994,0.34650368652781083,0.8861908887849324,0.9305989767772624,0.9046907364005707,0.9300493566540808,0.512303703707846,0.5749763635513387,0.4811206482834063,0.5482238847754628,0.773355124345068,0.8412555941852622,0.7797635953248765,0.8214245660224329,5,3,1
2021-05-28,0.9988698532190114,1.0,1.0,1.0,0.22937824109849725,0.3427611025614077,0.3182704848934259,0.27727718566104986,1.0,1.0,0.9741516985547634,1.0,0.6892639945284378,0.7490898123334979,0.7300890675256211,0.7330759193371188,0.37622682842310784,0.5034404467396794,0.4017487951523524,0.4121659104502724,0.8723192599661993,0.9261211922647083,0.902114416966072,0.9430402172658203,0.4730863162048893,0.569998993716478,0.49004912572888415,0.4941804275304511,0.799559713444336,0.8604769867831097,0.7897988932840487,0.8172192619798668,5,4,1
